{"cameraMode":{"drawMode":0,"name":"Shaded","section":"Shading Mode"},"sceneLighting":false,"audioPlay":false,"sceneViewState":{"m_AlwaysRefresh":false,"showFog":true,"showSkybox":false,"showFlares":true,"showImageEffects":true,"showParticleSystems":true,"showVisualEffectGraphs":true,"m_FxEnabled":true},"in2DMode":false,"pivot":{"x":-1.1260000467300416,"y":0.9860000610351563,"z":-3.3480000495910646},"rotation":{"x":-0.3902938961982727,"y":-0.07361584156751633,"z":0.031324464827775958,"w":-0.9172192811965942},"size":0.8660253882408142,"orthographic":false}